stem,class,blob_id,area_px,bbox_x,bbox_y,bbox_w,bbox_h,centroid_x,centroid_y,angle_deg,major_est,minor_est,aspect_est,perimeter,circularity
2,keyhole,1,5025,130,87,81,81,170.0,127.0,0.0,120.32261569270241,119.66777258802115,1.0054721675272047,263.76449966430664,0.8872286065596807
2,groove,1,2161,717,70,160,49,797.0721888014808,99.43961129106894,-175.2964095966916,262.8554404920154,46.36524417516615,5.669234347817152,502.6934320926666,0.09585126055036827
2,groove,2,27458,109,73,753,124,473.2354869254862,129.9315682132712,-178.6370397117443,1181.7199091605464,140.76961430574346,8.394708663470588,3871.0205441713333,0.0220893494733352
2,groove,3,2117,967,84,113,56,1038.4822862541332,108.93528578176665,157.94433810603024,167.64818271387963,68.7547958594761,2.43834889159117,474.40916085243225,0.11716899483293121
2,void_pit,1,287,901,94,35,31,920.198606271777,106.94425087108014,-138.02373905623642,67.36933495933116,17.831078262538394,3.7781972682308966,105.15432870388031,0.2744559741726209
2,void_pit,2,299,25,102,20,32,35.45150501672241,119.63545150501672,107.53304957494781,48.83432100851226,23.533747482680443,2.0750761845037844,88.5269113779068,0.4144954683014082
2,void_pit,3,195,828,175,28,23,841.7384615384616,184.1076923076923,-140.1070926814745,48.83188105969384,16.359869507922177,2.984857431239891,79.84061920642853,0.3164004611529096
