{
  "input": "images/raw_/3.png",
  "params": {
    "homo_sigma": 45.0,
    "homo_strength": 1.0,
    "hi_percentile": 99.5,
    "hi_min_area": 80,
    "hi_dilate": 3,
    "inpaint_radius": 3,
    "inpaint_method": "telea",
    "clahe_clip": 2.0,
    "clahe_tiles": 8
  },
  "stats_before": {
    "shape": [
      320,
      1080
    ],
    "min": 0,
    "max": 255,
    "mean": 118.58028356481482,
    "p1": 38.0,
    "p50": 123.0,
    "p99": 247.0,
    "saturated_px": 2533,
    "saturated_ratio": 0.007329282407407408,
    "highlight_mask_px": 0,
    "highlight_mask_ratio": 0.0
  },
  "stats_after": {
    "shape": [
      320,
      1080
    ],
    "min": 0,
    "max": 255,
    "mean": 87.18545717592593,
    "p1": 0.0,
    "p50": 75.0,
    "p99": 239.0,
    "saturated_px": 2665,
    "saturated_ratio": 0.007711226851851852,
    "highlight_mask_px": 2497,
    "highlight_mask_ratio": 0.007225115740740741
  }
}