{
  "input": "images/raw_/2.png",
  "params": {
    "homo_sigma": 45.0,
    "homo_strength": 1.0,
    "hi_percentile": 99.5,
    "hi_min_area": 80,
    "hi_dilate": 3,
    "inpaint_radius": 3,
    "inpaint_method": "telea",
    "clahe_clip": 2.0,
    "clahe_tiles": 8
  },
  "stats_before": {
    "shape": [
      320,
      1080
    ],
    "min": 0,
    "max": 255,
    "mean": 108.05222222222223,
    "p1": 29.0,
    "p50": 100.0,
    "p99": 251.0,
    "saturated_px": 4168,
    "saturated_ratio": 0.012060185185185186,
    "highlight_mask_px": 0,
    "highlight_mask_ratio": 0.0
  },
  "stats_after": {
    "shape": [
      320,
      1080
    ],
    "min": 0,
    "max": 255,
    "mean": 76.34490162037036,
    "p1": 0.0,
    "p50": 67.0,
    "p99": 238.0,
    "saturated_px": 2434,
    "saturated_ratio": 0.007042824074074074,
    "highlight_mask_px": 2901,
    "highlight_mask_ratio": 0.008394097222222223
  }
}